Date,Forecasted_Demand,PRODUCT_CARD_ID,PRODUCT_NAME,FREQUENCY
01-10-2017,74.44028482,M001,Bus Model B45,Daily
02-10-2017,76.28534063,M001,Bus Model B45,Daily
03-10-2017,71.19098527,M001,Bus Model B45,Daily
04-10-2017,73.81844866,M001,Bus Model B45,Daily
05-10-2017,73.72581089,M001,Bus Model B45,Daily
06-10-2017,73.66543761,M001,Bus Model B45,Daily
07-10-2017,71.96124022,M001,Bus Model B45,Daily
08-10-2017,72.57534571,M001,Bus Model B45,Daily
09-10-2017,74.48543566,M001,Bus Model B45,Daily
10-10-2017,69.50389829,M001,Bus Model B45,Daily
11-10-2017,72.28966021,M001,Bus Model B45,Daily
12-10-2017,72.39724084,M001,Bus Model B45,Daily
13-10-2017,72.5742719,M001,Bus Model B45,Daily
14-10-2017,71.13887404,M001,Bus Model B45,Daily
15-10-2017,72.04647259,M001,Bus Model B45,Daily
16-10-2017,74.26730841,M001,Bus Model B45,Daily
17-10-2017,69.60578353,M001,Bus Model B45,Daily
18-10-2017,72.71250323,M001,Bus Model B45,Daily
19-10-2017,73.1335522,M001,Bus Model B45,Daily
20-10-2017,73.60824123,M001,Bus Model B45,Daily
21-10-2017,72.44671068,M001,Bus Model B45,Daily
22-10-2017,73.5969664,M001,Bus Model B45,Daily
23-10-2017,76.02259829,M001,Bus Model B45,Daily
24-10-2017,71.52231534,M001,Bus Model B45,Daily
25-10-2017,74.74215357,M001,Bus Model B45,Daily
26-10-2017,75.22488955,M001,Bus Model B45,Daily
27-10-2017,75.70789234,M001,Bus Model B45,Daily
28-10-2017,74.50079627,M001,Bus Model B45,Daily
29-10-2017,75.55256847,M001,Bus Model B45,Daily
30-10-2017,77.82921966,M001,Bus Model B45,Daily
31-10-2017,73.13329187,M001,Bus Model B45,Daily
01-11-2017,76.11598024,M001,Bus Model B45,Daily
02-11-2017,76.32642351,M001,Bus Model B45,Daily
03-11-2017,76.50939861,M001,Bus Model B45,Daily
04-11-2017,74.98280596,M001,Bus Model B45,Daily
05-11-2017,75.70452365,M001,Bus Model B45,Daily
06-11-2017,77.64988464,M001,Bus Model B45,Daily
07-11-2017,72.63091656,M001,Bus Model B45,Daily
08-11-2017,75.30820794,M001,Bus Model B45,Daily
09-11-2017,75.23994184,M001,Bus Model B45,Daily
10-11-2017,75.17933972,M001,Bus Model B45,Daily
11-11-2017,73.45190844,M001,Bus Model B45,Daily
12-11-2017,74.0220755,M001,Bus Model B45,Daily
13-11-2017,75.87047261,M001,Bus Model B45,Daily
14-11-2017,70.8130128,M001,Bus Model B45,Daily
15-11-2017,73.51262946,M001,Bus Model B45,Daily
16-11-2017,73.52822249,M001,Bus Model B45,Daily
17-11-2017,73.61205693,M001,Bus Model B45,Daily
18-11-2017,72.08700897,M001,Bus Model B45,Daily
19-11-2017,72.91324486,M001,Bus Model B45,Daily
20-11-2017,75.06559244,M001,Bus Model B45,Daily
21-11-2017,70.35274853,M001,Bus Model B45,Daily
22-11-2017,73.42918783,M001,Bus Model B45,Daily
23-11-2017,73.84431431,M001,Bus Model B45,Daily
24-11-2017,74.34009568,M001,Bus Model B45,Daily
25-11-2017,73.22856972,M001,Bus Model B45,Daily
26-11-2017,74.45880175,M001,Bus Model B45,Daily
27-11-2017,76.99454529,M001,Bus Model B45,Daily
28-11-2017,72.63374222,M001,Bus Model B45,Daily
29-11-2017,76.02071985,M001,Bus Model B45,Daily
30-11-2017,76.69561868,M001,Bus Model B45,Daily
01-12-2017,77.39228362,M001,Bus Model B45,Daily
02-12-2017,76.41600073,M001,Bus Model B45,Daily
03-12-2017,77.71065211,M001,Bus Model B45,Daily
04-12-2017,80.2365358,M001,Bus Model B45,Daily
05-12-2017,75.78998184,M001,Bus Model B45,Daily
06-12-2017,79.01561893,M001,Bus Model B45,Daily
07-12-2017,79.45582266,M001,Bus Model B45,Daily
08-12-2017,79.84857724,M001,Bus Model B45,Daily
09-12-2017,78.50513298,M001,Bus Model B45,Daily
10-12-2017,79.37703365,M001,Bus Model B45,Daily
11-12-2017,81.43376339,M001,Bus Model B45,Daily
12-12-2017,76.4821484,M001,Bus Model B45,Daily
13-12-2017,79.17837291,M001,Bus Model B45,Daily
14-12-2017,79.07714681,M001,Bus Model B45,Daily
15-12-2017,78.92926351,M001,Bus Model B45,Daily
16-12-2017,77.05893824,M001,Bus Model B45,Daily
17-12-2017,77.43050893,M001,Bus Model B45,Daily
18-12-2017,79.02575778,M001,Bus Model B45,Daily
19-12-2017,73.66299714,M001,Bus Model B45,Daily
20-12-2017,76.00878756,M001,Bus Model B45,Daily
21-12-2017,75.62683302,M001,Bus Model B45,Daily
22-12-2017,75.2752995,M001,Bus Model B45,Daily
23-12-2017,73.28395321,M001,Bus Model B45,Daily
24-12-2017,73.62070628,M001,Bus Model B45,Daily
25-12-2017,75.26883227,M001,Bus Model B45,Daily
26-12-2017,70.04599833,M001,Bus Model B45,Daily
27-12-2017,72.61598338,M001,Bus Model B45,Daily
28-12-2017,72.53762799,M001,Bus Model B45,Daily
29-12-2017,72.56226076,M001,Bus Model B45,Daily
30-12-2017,71.01099537,M001,Bus Model B45,Daily
31-12-2017,71.84148206,M001,Bus Model B45,Daily
01-01-2018,74.0253711,M001,Bus Model B45,Daily
02-01-2018,69.36762876,M001,Bus Model B45,Daily
03-01-2018,72.51856826,M001,Bus Model B45,Daily
04-01-2018,73.02313328,M001,Bus Model B45,Daily
05-01-2018,73.61867058,M001,Bus Model B45,Daily
06-01-2018,72.61257682,M001,Bus Model B45,Daily
07-01-2018,73.94939478,M001,Bus Model B45,Daily
08-01-2018,76.58860717,M001,Bus Model B45,Daily
09-01-2018,72.32426054,M001,Bus Model B45,Daily
10-01-2018,75.79727336,M001,Bus Model B45,Daily
11-01-2018,76.54495897,M001,Bus Model B45,Daily
12-01-2018,77.29899339,M001,Bus Model B45,Daily
13-01-2018,76.36320834,M001,Bus Model B45,Daily
14-01-2018,77.68078033,M001,Bus Model B45,Daily
15-01-2018,80.21206184,M001,Bus Model B45,Daily
16-01-2018,75.75418585,M001,Bus Model B45,Daily
17-01-2018,78.95329825,M001,Bus Model B45,Daily
18-01-2018,79.35395044,M001,Bus Model B45,Daily
19-01-2018,79.69688576,M001,Bus Model B45,Daily
20-01-2018,78.29660414,M001,Bus Model B45,Daily
21-01-2018,79.10828198,M001,Bus Model B45,Daily
22-01-2018,81.10530011,M001,Bus Model B45,Daily
23-01-2018,76.09851846,M001,Bus Model B45,Daily
24-01-2018,78.74816084,M001,Bus Model B45,Daily
25-01-2018,78.61285072,M001,Bus Model B45,Daily
26-01-2018,78.4470409,M001,Bus Model B45,Daily
27-01-2018,76.57823043,M001,Bus Model B45,Daily
28-01-2018,76.97355503,M001,Bus Model B45,Daily
29-01-2018,78.61701183,M001,Bus Model B45,Daily
30-01-2018,73.32846515,M001,Bus Model B45,Daily
31-01-2018,75.7753035,M001,Bus Model B45,Daily
01-02-2018,75.52129441,M001,Bus Model B45,Daily
02-02-2018,75.32388461,M001,Bus Model B45,Daily
03-02-2018,73.5113424,M001,Bus Model B45,Daily
04-02-2018,74.04932987,M001,Bus Model B45,Daily
05-02-2018,75.91816667,M001,Bus Model B45,Daily
06-02-2018,70.93193071,M001,Bus Model B45,Daily
07-02-2018,73.7502635,M001,Bus Model B45,Daily
08-02-2018,73.92742295,M001,Bus Model B45,Daily
09-02-2018,74.20982598,M001,Bus Model B45,Daily
10-02-2018,72.91347146,M001,Bus Model B45,Daily
11-02-2018,73.99082407,M001,Bus Model B45,Daily
12-02-2018,76.40841247,M001,Bus Model B45,Daily
13-02-2018,71.96627905,M001,Bus Model B45,Daily
14-02-2018,75.31013948,M001,Bus Model B45,Daily
15-02-2018,75.98078639,M001,Bus Model B45,Daily
16-02-2018,76.71197023,M001,Bus Model B45,Daily
17-02-2018,75.80813947,M001,Bus Model B45,Daily
18-02-2018,77.21161258,M001,Bus Model B45,Daily
19-02-2018,79.88042824,M001,Bus Model B45,Daily
20-02-2018,75.60800436,M001,Bus Model B45,Daily
21-02-2018,79.0354594,M001,Bus Model B45,Daily
22-02-2018,79.70112612,M001,Bus Model B45,Daily
23-02-2018,80.33848839,M001,Bus Model B45,Daily
24-02-2018,79.25392199,M001,Bus Model B45,Daily
25-02-2018,80.39381212,M001,Bus Model B45,Daily
26-02-2018,82.72229562,M001,Bus Model B45,Daily
27-02-2018,78.04076162,M001,Bus Model B45,Daily
28-02-2018,80.99996836,M001,Bus Model B45,Daily
01-03-2018,81.14931166,M001,Bus Model B45,Daily
02-03-2018,81.23448219,M001,Bus Model B45,Daily
03-03-2018,79.57489968,M001,Bus Model B45,Daily
04-03-2018,80.13050481,M001,Bus Model B45,Daily
05-03-2018,81.87916502,M001,Bus Model B45,Daily
06-03-2018,76.63583657,M001,Bus Model B45,Daily
07-03-2018,79.06434917,M001,Bus Model B45,Daily
08-03-2018,78.72635699,M001,Bus Model B45,Daily
09-03-2018,78.37870099,M001,Bus Model B45,Daily
10-03-2018,76.35057826,M001,Bus Model B45,Daily
11-03-2018,76.6101051,M001,Bus Model B45,Daily
12-03-2018,78.14153602,M001,Bus Model B45,Daily
13-03-2018,72.76428501,M001,Bus Model B45,Daily
14-03-2018,75.14461859,M001,Bus Model B45,Daily
15-03-2018,74.84456646,M001,Bus Model B45,Daily
16-03-2018,74.6192951,M001,Bus Model B45,Daily
17-03-2018,72.79433914,M001,Bus Model B45,Daily
18-03-2018,73.33227543,M001,Bus Model B45,Daily
19-03-2018,75.21009836,M001,Bus Model B45,Daily
20-03-2018,70.2384386,M001,Bus Model B45,Daily
21-03-2018,73.07348928,M001,Bus Model B45,Daily
22-03-2018,73.26617911,M001,Bus Model B45,Daily
23-03-2018,73.55983086,M001,Bus Model B45,Daily
24-03-2018,72.26769265,M001,Bus Model B45,Daily
25-03-2018,73.33991905,M001,Bus Model B45,Daily
26-03-2018,75.74125295,M001,Bus Model B45,Daily
27-03-2018,71.27054237,M001,Bus Model B45,Daily
28-03-2018,74.57294908,M001,Bus Model B45,Daily
29-03-2018,75.18938127,M001,Bus Model B45,Daily
30-03-2018,75.85438274,M001,Bus Model B45,Daily
31-03-2018,74.87386039,M001,Bus Model B45,Daily
01-04-2018,76.19222266,M001,Bus Model B45,Daily
02-04-2018,78.77017618,M001,Bus Model B45,Daily
03-04-2018,74.40431289,M001,Bus Model B45,Daily
04-04-2018,77.73934286,M001,Bus Model B45,Daily
05-04-2018,78.31750548,M001,Bus Model B45,Daily
06-04-2018,78.87639256,M001,Bus Model B45,Daily
07-04-2018,77.72656733,M001,Bus Model B45,Daily
08-04-2018,78.81855553,M001,Bus Model B45,Daily
09-04-2018,81.12046019,M001,Bus Model B45,Daily
10-04-2018,76.43733734,M001,Bus Model B45,Daily
11-04-2018,79.42319386,M001,Bus Model B45,Daily
12-04-2018,79.63014648,M001,Bus Model B45,Daily
13-04-2018,79.805982,M001,Bus Model B45,Daily
14-04-2018,78.27150977,M001,Bus Model B45,Daily
15-04-2018,78.98728948,M001,Bus Model B45,Daily
16-04-2018,80.93099234,M001,Bus Model B45,Daily
17-04-2018,75.91653936,M001,Bus Model B45,Daily
18-04-2018,78.60588377,M001,Bus Model B45,Daily
19-04-2018,78.55798159,M001,Bus Model B45,Daily
20-04-2018,78.52619506,M001,Bus Model B45,Daily
21-04-2018,76.83552318,M001,Bus Model B45,Daily
22-04-2018,77.44924518,M001,Bus Model B45,Daily
23-04-2018,79.3462365,M001,Bus Model B45,Daily
24-04-2018,74.34010155,M001,Bus Model B45,Daily
25-04-2018,77.09098973,M001,Bus Model B45,Daily
26-04-2018,77.15463735,M001,Bus Model B45,Daily
27-04-2018,77.27987765,M001,Bus Model B45,Daily
28-04-2018,75.78601003,M001,Bus Model B45,Daily
29-04-2018,76.6296101,M001,Bus Model B45,Daily
30-04-2018,78.78203566,M001,Bus Model B45,Daily
01-05-2018,74.04876749,M001,Bus Model B45,Daily
02-05-2018,77.08144603,M001,Bus Model B45,Daily
03-05-2018,77.42714073,M001,Bus Model B45,Daily
04-05-2018,77.82608837,M001,Bus Model B45,Daily
05-05-2018,76.58928574,M001,Bus Model B45,Daily
06-05-2018,77.66551279,M001,Bus Model B45,Daily
07-05-2018,80.01903588,M001,Bus Model B45,Daily
08-05-2018,75.44912569,M001,Bus Model B45,Daily
09-05-2018,78.60224634,M001,Bus Model B45,Daily
10-05-2018,79.02144939,M001,Bus Model B45,Daily
11-05-2018,79.44420603,M001,Bus Model B45,Daily
12-05-2018,78.18006131,M001,Bus Model B45,Daily
13-05-2018,79.17768508,M001,Bus Model B45,Daily
14-05-2018,81.40256951,M001,Bus Model B45,Daily
15-05-2018,76.65650806,M001,Bus Model B45,Daily
16-05-2018,79.58971411,M001,Bus Model B45,Daily
17-05-2018,79.75011505,M001,Bus Model B45,Daily
18-05-2018,79.88105809,M001,Bus Model B45,Daily
19-05-2018,78.29881497,M001,Bus Model B45,Daily
20-05-2018,78.95946444,M001,Bus Model B45,Daily
21-05-2018,80.8364066,M001,Bus Model B45,Daily
22-05-2018,75.73964861,M001,Bus Model B45,Daily
23-05-2018,78.32772489,M001,Bus Model B45,Daily
24-05-2018,78.1567922,M001,Bus Model B45,Daily
25-05-2018,77.97814088,M001,Bus Model B45,Daily
26-05-2018,76.11551378,M001,Bus Model B45,Daily
27-05-2018,76.53181596,M001,Bus Model B45,Daily
28-05-2018,78.2064733,M001,Bus Model B45,Daily
29-05-2018,72.95458255,M001,Bus Model B45,Daily
30-05-2018,75.43871911,M001,Bus Model B45,Daily
31-05-2018,75.21794494,M001,Bus Model B45,Daily
01-06-2018,75.04525936,M001,Bus Model B45,Daily
02-06-2018,73.2448855,M001,Bus Model B45,Daily
03-06-2018,73.77897545,M001,Bus Model B45,Daily
04-06-2018,75.62499194,M001,Bus Model B45,Daily
05-06-2018,70.59490822,M001,Bus Model B45,Daily
06-06-2018,73.34709061,M001,Bus Model B45,Daily
07-06-2018,73.43540416,M001,Bus Model B45,Daily
08-06-2018,73.60678163,M001,Bus Model B45,Daily
09-06-2018,72.17864535,M001,Bus Model B45,Daily
10-06-2018,73.10576213,M001,Bus Model B45,Daily
11-06-2018,75.35778516,M001,Bus Model B45,Daily
12-06-2018,70.73862113,M001,Bus Model B45,Daily
13-06-2018,73.89848337,M001,Bus Model B45,Daily
14-06-2018,74.38316754,M001,Bus Model B45,Daily
15-06-2018,74.93178684,M001,Bus Model B45,Daily
16-06-2018,73.85435263,M001,Bus Model B45,Daily
17-06-2018,75.09877763,M001,Bus Model B45,Daily
18-06-2018,77.62855269,M001,Bus Model B45,Daily
19-06-2018,73.24223306,M001,Bus Model B45,Daily
20-06-2018,76.58559256,M001,Bus Model B45,Daily
21-06-2018,77.20098084,M001,Bus Model B45,Daily
22-06-2018,77.82511918,M001,Bus Model B45,Daily
23-06-2018,76.76672012,M001,Bus Model B45,Daily
24-06-2018,77.97350763,M001,Bus Model B45,Daily
25-06-2018,80.409889,M001,Bus Model B45,Daily
26-06-2018,75.87641482,M001,Bus Model B45,Daily
27-06-2018,79.02188638,M001,Bus Model B45,Daily
28-06-2018,79.39264707,M001,Bus Model B45,Daily
29-06-2018,79.73029458,M001,Bus Model B45,Daily
30-06-2018,78.34920132,M001,Bus Model B45,Daily
01-07-2018,79.20342174,M001,Bus Model B45,Daily
02-07-2018,81.26424004,M001,Bus Model B45,Daily
03-07-2018,76.33949724,M001,Bus Model B45,Daily
04-07-2018,79.08555927,M001,Bus Model B45,Daily
05-07-2018,79.05646542,M001,Bus Model B45,Daily
06-07-2018,79.00149645,M001,Bus Model B45,Daily
07-07-2018,77.24255249,M001,Bus Model B45,Daily
08-07-2018,77.74092169,M001,Bus Model B45,Daily
09-07-2018,79.47469575,M001,Bus Model B45,Daily
10-07-2018,74.25797318,M001,Bus Model B45,Daily
11-07-2018,76.75271442,M001,Bus Model B45,Daily
12-07-2018,76.51778959,M001,Bus Model B45,Daily
13-07-2018,76.30646024,M001,Bus Model B45,Daily
14-07-2018,74.44368609,M001,Bus Model B45,Daily
15-07-2018,74.89283938,M001,Bus Model B45,Daily
16-07-2018,76.63308336,M001,Bus Model B45,Daily
17-07-2018,71.47855671,M001,Bus Model B45,Daily
18-07-2018,74.09022797,M001,Bus Model B45,Daily
19-07-2018,74.02496104,M001,Bus Model B45,Daily
20-07-2018,74.03303259,M001,Bus Model B45,Daily
21-07-2018,72.43549203,M001,Bus Model B45,Daily
22-07-2018,73.19094551,M001,Bus Model B45,Daily
23-07-2018,75.27301969,M001,Bus Model B45,Daily
24-07-2018,70.4896454,M001,Bus Model B45,Daily
25-07-2018,73.49502383,M001,Bus Model B45,Daily
26-07-2018,73.8388144,M001,Bus Model B45,Daily
27-07-2018,74.26378312,M001,Bus Model B45,Daily
28-07-2018,73.08329985,M001,Bus Model B45,Daily
29-07-2018,74.24826363,M001,Bus Model B45,Daily
30-07-2018,76.72470936,M001,Bus Model B45,Daily
31-07-2018,72.31323328,M001,Bus Model B45,Daily
01-08-2018,75.66109754,M001,Bus Model B45,Daily
02-08-2018,76.31155021,M001,Bus Model B45,Daily
03-08-2018,77.00159726,M001,Bus Model B45,Daily
04-08-2018,76.03961227,M001,Bus Model B45,Daily
05-08-2018,77.37236107,M001,Bus Model B45,Daily
06-08-2018,79.96269211,M001,Bus Model B45,Daily
07-08-2018,75.60902857,M001,Bus Model B45,Daily
08-08-2018,78.95752072,M001,Bus Model B45,Daily
09-08-2018,79.55139365,M001,Bus Model B45,Daily
10-08-2018,80.12872602,M001,Bus Model B45,Daily
11-08-2018,79.00004518,M001,Bus Model B45,Daily
12-08-2018,80.11531561,M001,Bus Model B45,Daily
13-08-2018,82.44157192,M001,Bus Model B45,Daily
14-08-2018,77.78233322,M001,Bus Model B45,Daily
15-08-2018,80.78965841,M001,Bus Model B45,Daily
16-08-2018,81.01337938,M001,Bus Model B45,Daily
17-08-2018,81.19874955,M001,Bus Model B45,Daily
18-08-2018,79.66389581,M001,Bus Model B45,Daily
19-08-2018,80.36665327,M001,Bus Model B45,Daily
20-08-2018,82.28203736,M001,Bus Model B45,Daily
21-08-2018,77.2214932,M001,Bus Model B45,Daily
22-08-2018,79.84478538,M001,Bus Model B45,Daily
23-08-2018,79.70906854,M001,Bus Model B45,Daily
24-08-2018,79.56637994,M001,Bus Model B45,Daily
25-08-2018,77.74094537,M001,Bus Model B45,Daily
26-08-2018,78.19588142,M001,Bus Model B45,Daily
27-08-2018,79.9105516,M001,Bus Model B45,Daily
28-08-2018,74.69971914,M001,Bus Model B45,Daily
29-08-2018,77.22536218,M001,Bus Model B45,Daily
30-08-2018,77.04569356,M001,Bus Model B45,Daily
31-08-2018,76.91262813,M001,Bus Model B45,Daily
01-09-2018,75.1490897,M001,Bus Model B45,Daily
02-09-2018,75.71574114,M001,Bus Model B45,Daily
03-09-2018,77.58839489,M001,Bus Model B45,Daily
04-09-2018,72.57724565,M001,Bus Model B45,Daily
05-09-2018,75.33878966,M001,Bus Model B45,Daily
06-09-2018,75.42497059,M001,Bus Model B45,Daily
07-09-2018,75.58079225,M001,Bus Model B45,Daily
08-09-2018,74.12178717,M001,Bus Model B45,Daily
09-09-2018,75.00092078,M001,Bus Model B45,Daily
10-09-2018,77.18618451,M001,Bus Model B45,Daily
11-09-2018,72.48001548,M001,Bus Model B45,Daily
12-09-2018,75.53140232,M001,Bus Model B45,Daily
13-09-2018,75.88521308,M001,Bus Model B45,Daily
14-09-2018,76.27998057,M001,Bus Model B45,Daily
15-09-2018,75.02553013,M001,Bus Model B45,Daily
16-09-2018,76.07002521,M001,Bus Model B45,Daily
17-09-2018,78.37768072,M001,Bus Model B45,Daily
18-09-2018,73.7482782,M001,Bus Model B45,Daily
19-09-2018,76.82934009,M001,Bus Model B45,Daily
20-09-2018,77.16549669,M001,Bus Model B45,Daily
21-09-2018,77.49628013,M001,Bus Model B45,Daily
22-09-2018,76.1337295,M001,Bus Model B45,Daily
23-09-2018,77.0293831,M001,Bus Model B45,Daily
24-09-2018,79.1519084,M001,Bus Model B45,Daily
25-09-2018,74.30650587,M001,Bus Model B45,Daily
26-09-2018,77.14694622,M001,Bus Model B45,Daily
27-09-2018,77.22477814,M001,Bus Model B45,Daily
28-09-2018,77.28694443,M001,Bus Model B45,Daily
29-09-2018,75.65319531,M001,Bus Model B45,Daily
30-09-2018,76.2828794,M001,Bus Model B45,Daily
08-10-2017,508.0774739,M001,Bus Model B45,Weekly
15-10-2017,495.4429996,M001,Bus Model B45,Weekly
22-10-2017,489.5671984,M001,Bus Model B45,Weekly
29-10-2017,497.7555673,M001,Bus Model B45,Weekly
05-11-2017,505.518929,M001,Bus Model B45,Weekly
12-11-2017,495.5794175,M001,Bus Model B45,Weekly
19-11-2017,473.8503383,M001,Bus Model B45,Weekly
26-11-2017,467.9931346,M001,Bus Model B45,Weekly
03-12-2017,495.1164048,M001,Bus Model B45,Weekly
10-12-2017,535.4183214,M001,Bus Model B45,Weekly
17-12-2017,547.1671569,M001,Bus Model B45,Weekly
24-12-2017,511.5461276,M001,Bus Model B45,Weekly
31-12-2017,457.2264641,M001,Bus Model B45,Weekly
07-01-2018,433.2693305,M001,Bus Model B45,Weekly
14-01-2018,457.5908438,M001,Bus Model B45,Weekly
21-01-2018,498.6706699,M001,Bus Model B45,Weekly
28-01-2018,511.9805398,M001,Bus Model B45,Weekly
04-02-2018,489.7264421,M001,Bus Model B45,Weekly
11-02-2018,466.7143806,M001,Bus Model B45,Weekly
18-02-2018,476.3081037,M001,Bus Model B45,Weekly
25-02-2018,509.0233866,M001,Bus Model B45,Weekly
04-03-2018,523.041605,M001,Bus Model B45,Weekly
11-03-2018,494.4330453,M001,Bus Model B45,Weekly
18-03-2018,447.8355132,M001,Bus Model B45,Weekly
25-03-2018,431.1712841,M001,Bus Model B45,Weekly
01-04-2018,463.2956282,M001,Bus Model B45,Weekly
08-04-2018,514.3013713,M001,Bus Model B45,Weekly
15-04-2018,539.4943304,M001,Bus Model B45,Weekly
22-04-2018,526.6863176,M001,Bus Model B45,Weekly
29-04-2018,503.8557126,M001,Bus Model B45,Weekly
06-05-2018,502.3043582,M001,Bus Model B45,Weekly
13-05-2018,520.6706825,M001,Bus Model B45,Weekly
20-05-2018,530.2247051,M001,Bus Model B45,Weekly
27-05-2018,511.6286082,M001,Bus Model B45,Weekly
03-06-2018,478.5876334,M001,Bus Model B45,Weekly
10-06-2018,462.4668547,M001,Bus Model B45,Weekly
17-06-2018,477.8409232,M001,Bus Model B45,Weekly
24-06-2018,507.9687048,M001,Bus Model B45,Weekly
01-07-2018,523.5462278,M001,Bus Model B45,Weekly
08-07-2018,511.6973002,M001,Bus Model B45,Weekly
15-07-2018,485.5142597,M001,Bus Model B45,Weekly
22-07-2018,468.9461829,M001,Bus Model B45,Weekly
29-07-2018,475.6440126,M001,Bus Model B45,Weekly
05-08-2018,500.2733831,M001,Bus Model B45,Weekly
12-08-2018,524.8172839,M001,Bus Model B45,Weekly
19-08-2018,531.4542182,M001,Bus Model B45,Weekly
26-08-2018,514.0289232,M001,Bus Model B45,Weekly
02-09-2018,483.0287739,M001,Bus Model B45,Weekly
09-09-2018,459.7834586,M001,Bus Model B45,Weekly
16-09-2018,460.5639621,M001,Bus Model B45,Weekly
23-09-2018,482.0538492,M001,Bus Model B45,Weekly
30-09-2018,503.553988,M001,Bus Model B45,Weekly
30-09-2017,2101.078167,M001,Bus Model B45,Monthly
31-10-2017,2031.299013,M001,Bus Model B45,Monthly
30-11-2017,2087.850575,M001,Bus Model B45,Monthly
31-12-2017,2262.793831,M001,Bus Model B45,Monthly
31-01-2018,1984.168409,M001,Bus Model B45,Monthly
28-02-2018,2171.35728,M001,Bus Model B45,Monthly
31-03-2018,2076.306358,M001,Bus Model B45,Monthly
30-04-2018,2002.57731,M001,Bus Model B45,Monthly
31-05-2018,1932.890687,M001,Bus Model B45,Monthly
30-06-2018,2484.752845,M001,Bus Model B45,Monthly
31-07-2018,2275.329377,M001,Bus Model B45,Monthly
31-08-2018,1998.527243,M001,Bus Model B45,Monthly
01-10-2017,66.69028368,M002,Truck Model X20,Daily
02-10-2017,64.52025987,M002,Truck Model X20,Daily
03-10-2017,66.18115081,M002,Truck Model X20,Daily
04-10-2017,70.01241063,M002,Truck Model X20,Daily
05-10-2017,67.7777236,M002,Truck Model X20,Daily
06-10-2017,67.70792373,M002,Truck Model X20,Daily
07-10-2017,64.85342887,M002,Truck Model X20,Daily
08-10-2017,66.28208175,M002,Truck Model X20,Daily
09-10-2017,64.07396839,M002,Truck Model X20,Daily
10-10-2017,65.70499812,M002,Truck Model X20,Daily
11-10-2017,69.51183603,M002,Truck Model X20,Daily
12-10-2017,67.25527214,M002,Truck Model X20,Daily
13-10-2017,67.1632528,M002,Truck Model X20,Daily
14-10-2017,64.28342521,M002,Truck Model X20,Daily
15-10-2017,65.68108406,M002,Truck Model X20,Daily
16-10-2017,63.43408759,M002,Truck Model X20,Daily
17-10-2017,65.01652394,M002,Truck Model X20,Daily
18-10-2017,68.76371629,M002,Truck Model X20,Daily
19-10-2017,66.43564848,M002,Truck Model X20,Daily
20-10-2017,66.26003503,M002,Truck Model X20,Daily
21-10-2017,63.28488506,M002,Truck Model X20,Daily
22-10-2017,64.5764487,M002,Truck Model X20,Daily
23-10-2017,62.21411281,M002,Truck Model X20,Daily
24-10-2017,63.67402792,M002,Truck Model X20,Daily
25-10-2017,67.2940556,M002,Truck Model X20,Daily
26-10-2017,64.83711998,M002,Truck Model X20,Daily
27-10-2017,64.53418925,M002,Truck Model X20,Daily
28-10-2017,61.43673961,M002,Truck Model X20,Daily
29-10-2017,62.61459288,M002,Truck Model X20,Daily
30-10-2017,60.15069835,M002,Truck Model X20,Daily
31-10-2017,61.52464384,M002,Truck Model X20,Daily
01-11-2017,65.07748902,M002,Truck Model X20,Daily
02-11-2017,62.57500799,M002,Truck Model X20,Daily
03-11-2017,62.25057076,M002,Truck Model X20,Daily
04-11-2017,59.15751872,M002,Truck Model X20,Daily
05-11-2017,60.36692864,M002,Truck Model X20,Daily
06-11-2017,57.9623379,M002,Truck Model X20,Daily
07-11-2017,59.42321803,M002,Truck Model X20,Daily
08-11-2017,63.08979091,M002,Truck Model X20,Daily
09-11-2017,60.72627549,M002,Truck Model X20,Daily
10-11-2017,60.56379479,M002,Truck Model X20,Daily
11-11-2017,57.65279785,M002,Truck Model X20,Daily
12-11-2017,59.06089016,M002,Truck Model X20,Daily
13-11-2017,56.86764347,M002,Truck Model X20,Daily
14-11-2017,58.5481699,M002,Truck Model X20,Daily
15-11-2017,62.43805205,M002,Truck Model X20,Daily
16-11-2017,60.29671382,M002,Truck Model X20,Daily
17-11-2017,60.35045803,M002,Truck Model X20,Daily
18-11-2017,57.64502226,M002,Truck Model X20,Daily
19-11-2017,59.24354208,M002,Truck Model X20,Daily
20-11-2017,57.22148924,M002,Truck Model X20,Daily
21-11-2017,59.05036565,M002,Truck Model X20,Daily
22-11-2017,63.0627414,M002,Truck Model X20,Daily
23-11-2017,61.01571831,M002,Truck Model X20,Daily
24-11-2017,61.13404233,M002,Truck Model X20,Daily
25-11-2017,58.46271354,M002,Truck Model X20,Daily
26-11-2017,60.06498154,M002,Truck Model X20,Daily
27-11-2017,58.0172922,M002,Truck Model X20,Daily
28-11-2017,59.79296627,M002,Truck Model X20,Daily
29-11-2017,63.72719821,M002,Truck Model X20,Daily
30-11-2017,61.58045735,M002,Truck Model X20,Daily
01-12-2017,61.58151627,M002,Truck Model X20,Daily
02-12-2017,58.7799573,M002,Truck Model X20,Daily
03-12-2017,60.24404732,M002,Truck Model X20,Daily
04-12-2017,58.05555015,M002,Truck Model X20,Daily
05-12-2017,59.69326052,M002,Truck Model X20,Daily
06-12-2017,63.49785181,M002,Truck Model X20,Daily
07-12-2017,61.23512381,M002,Truck Model X20,Daily
08-12-2017,61.13887957,M002,Truck Model X20,Daily
09-12-2017,58.26328638,M002,Truck Model X20,Daily
10-12-2017,59.68061507,M002,Truck Model X20,Daily
11-12-2017,57.47593092,M002,Truck Model X20,Daily
12-12-2017,59.1305234,M002,Truck Model X20,Daily
13-12-2017,62.98667013,M002,Truck Model X20,Daily
14-12-2017,60.81082374,M002,Truck Model X20,Daily
15-12-2017,60.83645256,M002,Truck Model X20,Daily
16-12-2017,58.11639153,M002,Truck Model X20,Daily
17-12-2017,59.72059805,M002,Truck Model X20,Daily
18-12-2017,57.73088576,M002,Truck Model X20,Daily
19-12-2017,59.62442277,M002,Truck Model X20,Daily
20-12-2017,63.73858817,M002,Truck Model X20,Daily
21-12-2017,61.83427306,M002,Truck Model X20,Daily
22-12-2017,62.13885457,M002,Truck Model X20,Daily
23-12-2017,59.69869556,M002,Truck Model X20,Daily
24-12-2017,61.57706124,M002,Truck Model X20,Daily
25-12-2017,59.84902135,M002,Truck Model X20,Daily
26-12-2017,61.98512033,M002,Truck Model X20,Daily
27-12-2017,66.3164045,M002,Truck Model X20,Daily
28-12-2017,64.59788853,M002,Truck Model X20,Daily
29-12-2017,65.05168475,M002,Truck Model X20,Daily
30-12-2017,62.71964442,M002,Truck Model X20,Daily
31-12-2017,64.66139807,M002,Truck Model X20,Daily
01-01-2018,62.94936052,M002,Truck Model X20,Daily
02-01-2018,65.05248,M002,Truck Model X20,Daily
03-01-2018,69.30131845,M002,Truck Model X20,Daily
04-01-2018,67.45154351,M002,Truck Model X20,Daily
05-01-2018,67.72705528,M002,Truck Model X20,Daily
06-01-2018,65.17259662,M002,Truck Model X20,Daily
07-01-2018,66.85173495,M002,Truck Model X20,Daily
08-01-2018,64.84178237,M002,Truck Model X20,Daily
09-01-2018,66.61743573,M002,Truck Model X20,Daily
10-01-2018,70.51572625,M002,Truck Model X20,Daily
11-01-2018,68.29936259,M002,Truck Model X20,Daily
12-01-2018,68.19969399,M002,Truck Model X20,Daily
13-01-2018,65.26914631,M002,Truck Model X20,Daily
14-01-2018,66.57902341,M002,Truck Model X20,Daily
15-01-2018,64.21424507,M002,Truck Model X20,Daily
16-01-2018,65.65680753,M002,Truck Model X20,Daily
17-01-2018,69.25056091,M002,Truck Model X20,Daily
18-01-2018,66.76439139,M002,Truck Model X20,Daily
19-01-2018,66.43503893,M002,Truck Model X20,Daily
20-01-2018,63.31940689,M002,Truck Model X20,Daily
21-01-2018,64.49225895,M002,Truck Model X20,Daily
22-01-2018,62.04087712,M002,Truck Model X20,Daily
23-01-2018,63.44846883,M002,Truck Model X20,Daily
24-01-2018,67.05891842,M002,Truck Model X20,Daily
25-01-2018,64.63997166,M002,Truck Model X20,Daily
26-01-2018,64.42608372,M002,Truck Model X20,Daily
27-01-2018,61.47078614,M002,Truck Model X20,Daily
28-01-2018,62.84446664,M002,Truck Model X20,Daily
29-01-2018,60.62913343,M002,Truck Model X20,Daily
30-01-2018,62.30194934,M002,Truck Model X20,Daily
31-01-2018,66.20012774,M002,Truck Model X20,Daily
01-02-2018,64.08427548,M002,Truck Model X20,Daily
02-02-2018,64.18140909,M002,Truck Model X20,Daily
03-02-2018,61.53749604,M002,Truck Model X20,Daily
04-02-2018,63.21541031,M002,Truck Model X20,Daily
05-02-2018,61.28987,M002,Truck Model X20,Daily
06-02-2018,63.23113802,M002,Truck Model X20,Daily
07-02-2018,67.37007412,M002,Truck Model X20,Daily
08-02-2018,65.46161968,M002,Truck Model X20,Daily
09-02-2018,65.72793857,M002,Truck Model X20,Daily
10-02-2018,63.21106291,M002,Truck Model X20,Daily
11-02-2018,64.97093093,M002,Truck Model X20,Daily
12-02-2018,63.08038302,M002,Truck Model X20,Daily
13-02-2018,65.00889576,M002,Truck Model X20,Daily
14-02-2018,69.0876421,M002,Truck Model X20,Daily
15-02-2018,67.07295899,M002,Truck Model X20,Daily
16-02-2018,67.18944678,M002,Truck Model X20,Daily
17-02-2018,64.48255029,M002,Truck Model X20,Daily
18-02-2018,66.01651103,M002,Truck Model X20,Daily
19-02-2018,63.86925847,M002,Truck Model X20,Daily
20-02-2018,65.51602346,M002,Truck Model X20,Daily
21-02-2018,69.29426446,M002,Truck Model X20,Daily
22-02-2018,66.96699158,M002,Truck Model X20,Daily
23-02-2018,66.76571596,M002,Truck Model X20,Daily
24-02-2018,63.74287807,M002,Truck Model X20,Daily
25-02-2018,64.96964775,M002,Truck Model X20,Daily
26-02-2018,62.53066742,M002,Truck Model X20,Daily
27-02-2018,63.90752461,M002,Truck Model X20,Daily
28-02-2018,67.44354756,M002,Truck Model X20,Daily
01-03-2018,64.90701154,M002,Truck Model X20,Daily
02-03-2018,64.53398561,M002,Truck Model X20,Daily
03-03-2018,61.38067523,M002,Truck Model X20,Daily
04-03-2018,62.52115509,M002,Truck Model X20,Daily
05-03-2018,60.04206447,M002,Truck Model X20,Daily
06-03-2018,61.42605177,M002,Truck Model X20,Daily
07-03-2018,65.01656204,M002,Truck Model X20,Daily
08-03-2018,62.58105466,M002,Truck Model X20,Daily
09-03-2018,62.35388011,M002,Truck Model X20,Daily
10-03-2018,59.38867019,M002,Truck Model X20,Daily
11-03-2018,60.75613416,M002,Truck Model X20,Daily
12-03-2018,58.53883162,M002,Truck Model X20,Daily
13-03-2018,60.21470657,M002,Truck Model X20,Daily
14-03-2018,64.12197427,M002,Truck Model X20,Daily
15-03-2018,62.02244567,M002,Truck Model X20,Daily
16-03-2018,62.14451607,M002,Truck Model X20,Daily
17-03-2018,59.53566984,M002,Truck Model X20,Daily
18-03-2018,61.26039151,M002,Truck Model X20,Daily
19-03-2018,59.3950517,M002,Truck Model X20,Daily
20-03-2018,61.41155029,M002,Truck Model X20,Daily
21-03-2018,65.64230662,M002,Truck Model X20,Daily
22-03-2018,63.84367984,M002,Truck Model X20,Daily
23-03-2018,64.23904458,M002,Truck Model X20,Daily
24-03-2018,61.8713727,M002,Truck Model X20,Daily
25-03-2018,63.80121038,M002,Truck Model X20,Daily
26-03-2018,62.10161861,M002,Truck Model X20,Daily
27-03-2018,64.24185888,M002,Truck Model X20,Daily
28-03-2018,68.55241381,M002,Truck Model X20,Daily
29-03-2018,66.7884259,M002,Truck Model X20,Daily
30-03-2018,67.17277988,M002,Truck Model X20,Daily
31-03-2018,64.74867973,M002,Truck Model X20,Daily
01-04-2018,66.57761053,M002,Truck Model X20,Daily
02-04-2018,64.73425348,M002,Truck Model X20,Daily
03-04-2018,66.69013707,M002,Truck Model X20,Daily
04-04-2018,70.77861495,M002,Truck Model X20,Daily
05-04-2018,68.75825437,M002,Truck Model X20,Daily
06-04-2018,68.85586187,M002,Truck Model X20,Daily
07-04-2018,66.11899817,M002,Truck Model X20,Daily
08-04-2018,67.61387317,M002,Truck Model X20,Daily
09-04-2018,65.42019063,M002,Truck Model X20,Daily
10-04-2018,67.0147261,M002,Truck Model X20,Daily
11-04-2018,70.73622958,M002,Truck Model X20,Daily
12-04-2018,68.34873773,M002,Truck Model X20,Daily
13-04-2018,68.08452284,M002,Truck Model X20,Daily
14-04-2018,64.99653149,M002,Truck Model X20,Daily
15-04-2018,66.15620444,M002,Truck Model X20,Daily
16-04-2018,63.64824803,M002,Truck Model X20,Daily
17-04-2018,64.95414145,M002,Truck Model X20,Daily
18-04-2018,68.41697198,M002,Truck Model X20,Daily
19-04-2018,65.80468385,M002,Truck Model X20,Daily
20-04-2018,65.35296865,M002,Truck Model X20,Daily
21-04-2018,62.1176508,M002,Truck Model X20,Daily
22-04-2018,63.17246063,M002,Truck Model X20,Daily
23-04-2018,60.60376585,M002,Truck Model X20,Daily
24-04-2018,61.89404663,M002,Truck Model X20,Daily
25-04-2018,65.38670713,M002,Truck Model X20,Daily
26-04-2018,62.84930955,M002,Truck Model X20,Daily
27-04-2018,62.51645957,M002,Truck Model X20,Daily
28-04-2018,59.44219689,M002,Truck Model X20,Daily
29-04-2018,60.697784,M002,Truck Model X20,Daily
30-04-2018,58.36646419,M002,Truck Model X20,Daily
01-05-2018,59.92697411,M002,Truck Model X20,Daily
02-05-2018,63.71840364,M002,Truck Model X20,Daily
03-05-2018,61.50348901,M002,Truck Model X20,Daily
04-05-2018,61.51156735,M002,Truck Model X20,Daily
05-05-2018,58.79104601,M002,Truck Model X20,Daily
06-05-2018,60.40727857,M002,Truck Model X20,Daily
07-05-2018,58.43741748,M002,Truck Model X20,Daily
08-05-2018,60.35402753,M002,Truck Model X20,Daily
09-05-2018,64.49005092,M002,Truck Model X20,Daily
10-05-2018,62.60220851,M002,Truck Model X20,Daily
11-05-2018,62.91406328,M002,Truck Model X20,Daily
12-05-2018,60.46859728,M002,Truck Model X20,Daily
13-05-2018,62.3261921,M002,Truck Model X20,Daily
14-05-2018,60.55958037,M002,Truck Model X20,Daily
15-05-2018,62.63755045,M002,Truck Model X20,Daily
16-05-2018,66.88999294,M002,Truck Model X20,Daily
17-05-2018,65.07137161,M002,Truck Model X20,Daily
18-05-2018,65.40384294,M002,Truck Model X20,Daily
19-05-2018,62.92987401,M002,Truck Model X20,Daily
20-05-2018,64.71024717,M002,Truck Model X20,Daily
21-05-2018,62.8190184,M002,Truck Model X20,Daily
22-05-2018,64.72721038,M002,Truck Model X20,Daily
23-05-2018,68.76782898,M002,Truck Model X20,Daily
24-05-2018,66.69928563,M002,Truck Model X20,Daily
25-05-2018,66.74845039,M002,Truck Model X20,Daily
26-05-2018,63.96318642,M002,Truck Model X20,Daily
27-05-2018,65.41025573,M002,Truck Model X20,Daily
28-05-2018,63.17016461,M002,Truck Model X20,Daily
29-05-2018,64.7207323,M002,Truck Model X20,Daily
30-05-2018,68.40197373,M002,Truck Model X20,Daily
31-05-2018,65.97938177,M002,Truck Model X20,Daily
01-06-2018,65.68683665,M002,Truck Model X20,Daily
02-06-2018,62.57899644,M002,Truck Model X20,Daily
03-06-2018,63.72906157,M002,Truck Model X20,Daily
04-06-2018,61.22348523,M002,Truck Model X20,Daily
05-06-2018,62.54541598,M002,Truck Model X20,Daily
06-06-2018,66.03946677,M002,Truck Model X20,Daily
07-06-2018,63.47489824,M002,Truck Model X20,Daily
08-06-2018,63.08844662,M002,Truck Model X20,Daily
09-06-2018,59.93665202,M002,Truck Model X20,Daily
10-06-2018,61.09358194,M002,Truck Model X20,Daily
11-06-2018,58.64552277,M002,Truck Model X20,Daily
12-06-2018,60.07442645,M002,Truck Model X20,Daily
13-06-2018,63.7227065,M002,Truck Model X20,Daily
14-06-2018,61.3564708,M002,Truck Model X20,Daily
15-06-2018,61.20842062,M002,Truck Model X20,Daily
16-06-2018,58.33026996,M002,Truck Model X20,Daily
17-06-2018,59.79057804,M002,Truck Model X20,Daily
18-06-2018,57.66956534,M002,Truck Model X20,Daily
19-06-2018,59.44269732,M002,Truck Model X20,Daily
20-06-2018,63.44562678,M002,Truck Model X20,Daily
21-06-2018,61.43757904,M002,Truck Model X20,Daily
22-06-2018,61.64440531,M002,Truck Model X20,Daily
23-06-2018,59.11115505,M002,Truck Model X20,Daily
24-06-2018,60.90005616,M002,Truck Model X20,Daily
25-06-2018,59.08546993,M002,Truck Model X20,Daily
26-06-2018,61.13760139,M002,Truck Model X20,Daily
27-06-2018,65.3875531,M002,Truck Model X20,Daily
28-06-2018,63.59080356,M002,Truck Model X20,Daily
29-06-2018,63.9703337,M002,Truck Model X20,Daily
30-06-2018,61.5692501,M002,Truck Model X20,Daily
01-07-2018,63.44879295,M002,Truck Model X20,Daily
02-07-2018,61.68329483,M002,Truck Model X20,Daily
03-07-2018,63.74387102,M002,Truck Model X20,Daily
04-07-2018,67.9634301,M002,Truck Model X20,Daily
05-07-2018,66.10008709,M002,Truck Model X20,Daily
06-07-2018,66.38020452,M002,Truck Model X20,Daily
07-07-2018,63.85091242,M002,Truck Model X20,Daily
08-07-2018,65.57799782,M002,Truck Model X20,Daily
09-07-2018,63.64073329,M002,Truck Model X20,Daily
10-07-2018,65.51542858,M002,Truck Model X20,Daily
11-07-2018,69.54029784,M002,Truck Model X20,Daily
12-07-2018,67.4787286,M002,Truck Model X20,Daily
13-07-2018,67.56218156,M002,Truck Model X20,Daily
14-07-2018,64.84257607,M002,Truck Model X20,Daily
15-07-2018,66.39005559,M002,Truck Model X20,Daily
16-07-2018,64.28770555,M002,Truck Model X20,Daily
17-07-2018,66.0150111,M002,Truck Model X20,Daily
18-07-2018,69.91264921,M002,Truck Model X20,Daily
19-07-2018,67.74570359,M002,Truck Model X20,Daily
20-07-2018,67.74653261,M002,Truck Model X20,Daily
21-07-2018,64.96714611,M002,Truck Model X20,Daily
22-07-2018,66.47698516,M002,Truck Model X20,Daily
23-07-2018,64.35767706,M002,Truck Model X20,Daily
24-07-2018,66.08655161,M002,Truck Model X20,Daily
25-07-2018,70.00151161,M002,Truck Model X20,Daily
26-07-2018,67.86434367,M002,Truck Model X20,Daily
27-07-2018,67.90369676,M002,Truck Model X20,Daily
28-07-2018,65.16758128,M002,Truck Model X20,Daily
29-07-2018,66.72127914,M002,Truck Model X20,Daily
30-07-2018,64.64223355,M002,Truck Model X20,Daily
31-07-2018,66.40370059,M002,Truck Model X20,Daily
01-08-2018,70.33975181,M002,Truck Model X20,Daily
02-08-2018,68.20870997,M002,Truck Model X20,Daily
03-08-2018,68.23624215,M002,Truck Model X20,Daily
04-08-2018,65.46795925,M002,Truck Model X20,Daily
05-08-2018,66.96741004,M002,Truck Model X20,Daily
06-08-2018,64.81103551,M002,Truck Model X20,Daily
07-08-2018,66.47186417,M002,Truck Model X20,Daily
08-08-2018,70.28453591,M002,Truck Model X20,Daily
09-08-2018,68.00873602,M002,Truck Model X20,Daily
10-08-2018,67.87226358,M002,Truck Model X20,Daily
11-08-2018,64.92358379,M002,Truck Model X20,Daily
12-08-2018,66.2297536,M002,Truck Model X20,Daily
13-08-2018,63.87128842,M002,Truck Model X20,Daily
14-08-2018,65.32575265,M002,Truck Model X20,Daily
15-08-2018,68.93266476,M002,Truck Model X20,Daily
16-08-2018,66.45680162,M002,Truck Model X20,Daily
17-08-2018,66.13112987,M002,Truck Model X20,Daily
18-08-2018,63.00921777,M002,Truck Model X20,Daily
19-08-2018,64.16302061,M002,Truck Model X20,Daily
20-08-2018,61.67761147,M002,Truck Model X20,Daily
21-08-2018,63.03464379,M002,Truck Model X20,Daily
22-08-2018,66.57713995,M002,Truck Model X20,Daily
23-08-2018,64.07269395,M002,Truck Model X20,Daily
24-08-2018,63.75631867,M002,Truck Model X20,Daily
25-08-2018,60.68279359,M002,Truck Model X20,Daily
26-08-2018,61.92440771,M002,Truck Model X20,Daily
27-08-2018,59.56567092,M002,Truck Model X20,Daily
28-08-2018,61.08678051,M002,Truck Model X20,Daily
29-08-2018,64.82843722,M002,Truck Model X20,Daily
30-08-2018,62.55509814,M002,Truck Model X20,Daily
31-08-2018,62.49789535,M002,Truck Model X20,Daily
01-09-2018,59.70707467,M002,Truck Model X20,Daily
02-09-2018,61.24984644,M002,Truck Model X20,Daily
03-09-2018,59.20521884,M002,Truck Model X20,Daily
04-09-2018,61.04759701,M002,Truck Model X20,Daily
05-09-2018,65.11173901,M002,Truck Model X20,Daily
06-09-2018,63.15615176,M002,Truck Model X20,Daily
07-09-2018,63.40615248,M002,Truck Model X20,Daily
08-09-2018,60.90644571,M002,Truck Model X20,Daily
09-09-2018,62.71910445,M002,Truck Model X20,Daily
10-09-2018,60.91852233,M002,Truck Model X20,Daily
11-09-2018,62.97511699,M002,Truck Model X20,Daily
12-09-2018,67.22037291,M002,Truck Model X20,Daily
13-09-2018,65.41030481,M002,Truck Model X20,Daily
14-09-2018,65.76856528,M002,Truck Model X20,Daily
15-09-2018,63.3390457,M002,Truck Model X20,Daily
16-09-2018,65.18385878,M002,Truck Model X20,Daily
17-09-2018,63.37826936,M002,Truck Model X20,Daily
18-09-2018,65.394355,M002,Truck Model X20,Daily
19-09-2018,69.56598568,M002,Truck Model X20,Daily
20-09-2018,67.65220579,M002,Truck Model X20,Daily
21-09-2018,67.88024464,M002,Truck Model X20,Daily
22-09-2018,65.29800738,M002,Truck Model X20,Daily
23-09-2018,66.97193783,M002,Truck Model X20,Daily
24-09-2018,64.98182361,M002,Truck Model X20,Daily
25-09-2018,66.80432841,M002,Truck Model X20,Daily
26-09-2018,70.77784464,M002,Truck Model X20,Daily
27-09-2018,68.66575316,M002,Truck Model X20,Daily
28-09-2018,68.69931974,M002,Truck Model X20,Daily
29-09-2018,65.93008336,M002,Truck Model X20,Daily
30-09-2018,67.42763072,M002,Truck Model X20,Daily
08-10-2017,442.724514,M002,Truck Model X20,Weekly
15-10-2017,442.9841771,M002,Truck Model X20,Weekly
22-10-2017,436.2815281,M002,Truck Model X20,Weekly
29-10-2017,424.4958947,M002,Truck Model X20,Weekly
05-11-2017,412.3618648,M002,Truck Model X20,Weekly
12-11-2017,403.5533106,M002,Truck Model X20,Weekly
19-11-2017,398.9140016,M002,Truck Model X20,Weekly
26-11-2017,398.1461181,M002,Truck Model X20,Weekly
03-12-2017,401.3377559,M002,Truck Model X20,Weekly
10-12-2017,407.5872691,M002,Truck Model X20,Weekly
17-12-2017,413.3350613,M002,Truck Model X20,Weekly
24-12-2017,414.5327072,M002,Truck Model X20,Weekly
31-12-2017,411.3134624,M002,Truck Model X20,Weekly
07-01-2018,408.8377705,M002,Truck Model X20,Weekly
14-01-2018,411.6380608,M002,Truck Model X20,Weekly
21-01-2018,417.6201315,M002,Truck Model X20,Weekly
28-01-2018,419.887939,M002,Truck Model X20,Weekly
04-02-2018,415.3164884,M002,Truck Model X20,Weekly
11-02-2018,409.2361525,M002,Truck Model X20,Weekly
18-02-2018,409.1150416,M002,Truck Model X20,Weekly
25-02-2018,414.179818,M002,Truck Model X20,Weekly
04-03-2018,414.8991369,M002,Truck Model X20,Weekly
11-03-2018,405.2909768,M002,Truck Model X20,Weekly
18-03-2018,393.8257065,M002,Truck Model X20,Weekly
25-03-2018,397.3533053,M002,Truck Model X20,Weekly
01-04-2018,421.638652,M002,Truck Model X20,Weekly
08-04-2018,450.3067526,M002,Truck Model X20,Weekly
15-04-2018,457.808095,M002,Truck Model X20,Weekly
22-04-2018,435.4900081,M002,Truck Model X20,Weekly
29-04-2018,402.7775695,M002,Truck Model X20,Weekly
06-05-2018,389.3479799,M002,Truck Model X20,Weekly
13-05-2018,405.5309422,M002,Truck Model X20,Weekly
20-05-2018,432.0559116,M002,Truck Model X20,Weekly
27-05-2018,440.1792371,M002,Truck Model X20,Weekly
03-06-2018,420.8312018,M002,Truck Model X20,Weekly
10-06-2018,392.436035,M002,Truck Model X20,Weekly
17-06-2018,380.7792086,M002,Truck Model X20,Weekly
24-06-2018,393.691644,M002,Truck Model X20,Weekly
01-07-2018,416.4758401,M002,Truck Model X20,Weekly
08-07-2018,429.7230515,M002,Truck Model X20,Weekly
15-07-2018,428.1153649,M002,Truck Model X20,Weekly
22-07-2018,421.3340291,M002,Truck Model X20,Weekly
29-07-2018,420.0454781,M002,Truck Model X20,Weekly
05-08-2018,424.7454417,M002,Truck Model X20,Weekly
12-08-2018,428.3118277,M002,Truck Model X20,Weekly
19-08-2018,426.0237198,M002,Truck Model X20,Weekly
26-08-2018,420.3059647,M002,Truck Model X20,Weekly
02-09-2018,416.5188036,M002,Truck Model X20,Weekly
09-09-2018,417.0342788,M002,Truck Model X20,Weekly
16-09-2018,420.6159478,M002,Truck Model X20,Weekly
23-09-2018,425.6766416,M002,Truck Model X20,Weekly
30-09-2018,431.6373374,M002,Truck Model X20,Weekly
30-09-2017,1812.96914,M002,Truck Model X20,Monthly
31-10-2017,1471.604891,M002,Truck Model X20,Monthly
30-11-2017,1553.617738,M002,Truck Model X20,Monthly
31-12-2017,1787.355114,M002,Truck Model X20,Monthly
31-01-2018,1423.489205,M002,Truck Model X20,Monthly
28-02-2018,1706.599036,M002,Truck Model X20,Monthly
31-03-2018,1682.920149,M002,Truck Model X20,Monthly
30-04-2018,1598.454141,M002,Truck Model X20,Monthly
31-05-2018,1143.964539,M002,Truck Model X20,Monthly
30-06-2018,1710.724371,M002,Truck Model X20,Monthly
31-07-2018,1660.113237,M002,Truck Model X20,Monthly
31-08-2018,1643.707625,M002,Truck Model X20,Monthly
01-10-2017,58.23339505,M003,Van Model V10,Daily
02-10-2017,58.81681886,M003,Van Model V10,Daily
03-10-2017,59.41525661,M003,Van Model V10,Daily
04-10-2017,56.78140003,M003,Van Model V10,Daily
05-10-2017,60.51587532,M003,Van Model V10,Daily
06-10-2017,59.19155542,M003,Van Model V10,Daily
07-10-2017,59.82819561,M003,Van Model V10,Daily
08-10-2017,59.13021548,M003,Van Model V10,Daily
09-10-2017,59.79971953,M003,Van Model V10,Daily
10-10-2017,60.45993313,M003,Van Model V10,Daily
11-10-2017,57.86141629,M003,Van Model V10,Daily
12-10-2017,61.6035352,M003,Van Model V10,Daily
13-10-2017,60.25878441,M003,Van Model V10,Daily
14-10-2017,60.84740558,M003,Van Model V10,Daily
15-10-2017,60.0751269,M003,Van Model V10,Daily
16-10-2017,60.64611723,M003,Van Model V10,Daily
17-10-2017,61.18633428,M003,Van Model V10,Daily
18-10-2017,58.44963214,M003,Van Model V10,Daily
19-10-2017,62.03911201,M003,Van Model V10,Daily
20-10-2017,60.53131296,M003,Van Model V10,Daily
21-10-2017,60.95069281,M003,Van Model V10,Daily
22-10-2017,60.00722796,M003,Van Model V10,Daily
23-10-2017,60.40923043,M003,Van Model V10,Daily
24-10-2017,60.78656589,M003,Van Model V10,Daily
25-10-2017,57.89664205,M003,Van Model V10,Daily
26-10-2017,61.34565489,M003,Van Model V10,Daily
27-10-2017,59.71269266,M003,Van Model V10,Daily
28-10-2017,60.02415055,M003,Van Model V10,Daily
29-10-2017,58.99128641,M003,Van Model V10,Daily
30-10-2017,59.3230172,M003,Van Model V10,Daily
31-10-2017,59.64914025,M003,Van Model V10,Daily
01-11-2017,56.72634824,M003,Van Model V10,Daily
02-11-2017,60.1595244,M003,Van Model V10,Daily
03-11-2017,58.52591579,M003,Van Model V10,Daily
04-11-2017,58.84963522,M003,Van Model V10,Daily
05-11-2017,57.83931888,M003,Van Model V10,Daily
06-11-2017,58.20103605,M003,Van Model V10,Daily
07-11-2017,58.56163056,M003,Van Model V10,Daily
08-11-2017,55.67485936,M003,Van Model V10,Daily
09-11-2017,59.14280969,M003,Van Model V10,Daily
10-11-2017,57.54018906,M003,Van Model V10,Daily
11-11-2017,57.88893409,M003,Van Model V10,Daily
12-11-2017,56.89596179,M003,Van Model V10,Daily
13-11-2017,57.26615599,M003,Van Model V10,Daily
14-11-2017,57.62576615,M003,Van Model V10,Daily
15-11-2017,54.72858129,M003,Van Model V10,Daily
16-11-2017,58.17735947,M003,Van Model V10,Daily
17-11-2017,56.54810599,M003,Van Model V10,Daily
18-11-2017,56.86464654,M003,Van Model V10,Daily
19-11-2017,55.83631983,M003,Van Model V10,Daily
20-11-2017,56.17088388,M003,Van Model V10,Daily
21-11-2017,56.49781567,M003,Van Model V10,Daily
22-11-2017,53.5743699,M003,Van Model V10,Daily
23-11-2017,57.00688078,M003,Van Model V10,Daily
24-11-2017,55.3749043,M003,Van Model V10,Daily
25-11-2017,55.70565135,M003,Van Model V10,Daily
26-11-2017,54.71154104,M003,Van Model V10,Daily
27-11-2017,55.10297294,M003,Van Model V10,Daily
28-11-2017,55.51150257,M003,Van Model V10,Daily
29-11-2017,52.69579027,M003,Van Model V10,Daily
30-11-2017,56.2628114,M003,Van Model V10,Daily
01-12-2017,54.79192863,M003,Van Model V10,Daily
02-12-2017,55.30927985,M003,Van Model V10,Daily
03-12-2017,54.52531298,M003,Van Model V10,Daily
04-12-2017,55.14756791,M003,Van Model V10,Daily
05-12-2017,55.80389042,M003,Van Model V10,Daily
06-12-2017,53.24844771,M003,Van Model V10,Daily
07-12-2017,57.08303255,M003,Van Model V10,Daily
08-12-2017,55.88125441,M003,Van Model V10,Daily
09-12-2017,56.66306843,M003,Van Model V10,Daily
10-12-2017,56.13246973,M003,Van Model V10,Daily
11-12-2017,56.99044912,M003,Van Model V10,Daily
12-12-2017,57.85839013,M003,Van Model V10,Daily
13-12-2017,55.48427206,M003,Van Model V10,Daily
14-12-2017,59.46416024,M003,Van Model V10,Daily
15-12-2017,58.36657678,M003,Van Model V10,Daily
16-12-2017,59.20719687,M003,Van Model V10,Daily
17-12-2017,58.68669329,M003,Van Model V10,Daily
18-12-2017,59.50382006,M003,Van Model V10,Daily
19-12-2017,60.2789112,M003,Van Model V10,Daily
20-12-2017,57.76015544,M003,Van Model V10,Daily
21-12-2017,61.54512562,M003,Van Model V10,Daily
22-12-2017,60.20515386,M003,Van Model V10,Daily
23-12-2017,60.75999684,M003,Van Model V10,Daily
24-12-2017,59.91561365,M003,Van Model V10,Daily
25-12-2017,60.37714859,M003,Van Model V10,Daily
26-12-2017,60.77229647,M003,Van Model V10,Daily
27-12-2017,57.85741471,M003,Van Model V10,Daily
28-12-2017,61.23886441,M003,Van Model V10,Daily
29-12-2017,59.49717655,M003,Van Model V10,Daily
30-12-2017,59.66149267,M003,Van Model V10,Daily
31-12-2017,58.44710844,M003,Van Model V10,Daily
01-01-2018,58.56821867,M003,Van Model V10,Daily
02-01-2018,58.66104773,M003,Van Model V10,Daily
03-01-2018,55.48973589,M003,Van Model V10,Daily
04-01-2018,58.6674703,M003,Van Model V10,Daily
05-01-2018,56.78046226,M003,Van Model V10,Daily
06-01-2018,56.86222576,M003,Van Model V10,Daily
07-01-2018,55.63099041,M003,Van Model V10,Daily
08-01-2018,55.8023509,M003,Van Model V10,Daily
09-01-2018,56.01234044,M003,Van Model V10,Daily
10-01-2018,53.02330018,M003,Van Model V10,Daily
11-01-2018,56.44503453,M003,Van Model V10,Daily
12-01-2018,54.85885369,M003,Van Model V10,Daily
13-01-2018,55.29195711,M003,Van Model V10,Daily
14-01-2018,54.45498853,M003,Van Model V10,Daily
15-01-2018,55.05486145,M003,Van Model V10,Daily
16-01-2018,55.71803785,M003,Van Model V10,Daily
17-01-2018,53.19662735,M003,Van Model V10,Daily
18-01-2018,57.08979046,M003,Van Model V10,Daily
19-01-2018,55.96804111,M003,Van Model V10,Daily
20-01-2018,56.84789534,M003,Van Model V10,Daily
21-01-2018,56.42968974,M003,Van Model V10,Daily
22-01-2018,57.4106618,M003,Van Model V10,Daily
23-01-2018,58.40846807,M003,Van Model V10,Daily
24-01-2018,56.1675011,M003,Van Model V10,Daily
25-01-2018,60.28048305,M003,Van Model V10,Daily
26-01-2018,59.3129261,M003,Van Model V10,Daily
27-01-2018,60.27790232,M003,Van Model V10,Daily
28-01-2018,59.87394344,M003,Van Model V10,Daily
29-01-2018,60.79816062,M003,Van Model V10,Daily
30-01-2018,61.66975891,M003,Van Model V10,Daily
31-01-2018,59.23630776,M003,Van Model V10,Daily
01-02-2018,63.09524656,M003,Van Model V10,Daily
02-02-2018,61.81821787,M003,Van Model V10,Daily
03-02-2018,62.42567451,M003,Van Model V10,Daily
04-02-2018,61.62458524,M003,Van Model V10,Daily
05-02-2018,62.12133442,M003,Van Model V10,Daily
06-02-2018,62.5449964,M003,Van Model V10,Daily
07-02-2018,59.65335229,M003,Van Model V10,Daily
08-02-2018,63.05413501,M003,Van Model V10,Daily
09-02-2018,61.32910228,M003,Van Model V10,Daily
10-02-2018,61.50839047,M003,Van Model V10,Daily
11-02-2018,60.30798097,M003,Van Model V10,Daily
12-02-2018,60.44238065,M003,Van Model V10,Daily
13-02-2018,60.54770288,M003,Van Model V10,Daily
14-02-2018,57.38752181,M003,Van Model V10,Daily
15-02-2018,60.57398981,M003,Van Model V10,Daily
16-02-2018,58.691821,M003,Van Model V10,Daily
17-02-2018,58.7725957,M003,Van Model V10,Daily
18-02-2018,57.5322186,M003,Van Model V10,Daily
19-02-2018,57.68363183,M003,Van Model V10,Daily
20-02-2018,57.85996823,M003,Van Model V10,Daily
21-02-2018,54.82051507,M003,Van Model V10,Daily
22-02-2018,58.17197476,M003,Van Model V10,Daily
23-02-2018,56.49262102,M003,Van Model V10,Daily
24-02-2018,56.80680053,M003,Van Model V10,Daily
25-02-2018,55.82260674,M003,Van Model V10,Daily
26-02-2018,56.24482116,M003,Van Model V10,Daily
27-02-2018,56.69830074,M003,Van Model V10,Daily
28-02-2018,53.93417498,M003,Van Model V10,Daily
01-03-2018,57.55133289,M003,Van Model V10,Daily
02-03-2018,56.1207919,M003,Van Model V10,Daily
03-03-2018,56.66039284,M003,Van Model V10,Daily
04-03-2018,55.87264275,M003,Van Model V10,Daily
05-03-2018,56.45779581,M003,Van Model V10,Daily
06-03-2018,57.03734797,M003,Van Model V10,Daily
07-03-2018,54.36030579,M003,Van Model V10,Daily
08-03-2018,58.02470824,M003,Van Model V10,Daily
09-03-2018,56.60199287,M003,Van Model V10,Daily
10-03-2018,57.11165104,M003,Van Model V10,Daily
11-03-2018,56.25899558,M003,Van Model V10,Daily
12-03-2018,56.74813369,M003,Van Model V10,Daily
13-03-2018,57.2053242,M003,Van Model V10,Daily
14-03-2018,54.38508394,M003,Van Model V10,Daily
15-03-2018,57.89152718,M003,Van Model V10,Daily
16-03-2018,56.30253489,M003,Van Model V10,Daily
17-03-2018,56.64420454,M003,Van Model V10,Daily
18-03-2018,55.62840986,M003,Van Model V10,Daily
19-03-2018,55.96556965,M003,Van Model V10,Daily
20-03-2018,56.28781057,M003,Van Model V10,Daily
21-03-2018,53.35489448,M003,Van Model V10,Daily
22-03-2018,56.77539937,M003,Van Model V10,Daily
23-03-2018,55.13075513,M003,Van Model V10,Daily
24-03-2018,55.44958882,M003,Van Model V10,Daily
25-03-2018,54.44521151,M003,Van Model V10,Daily
26-03-2018,54.82834794,M003,Van Model V10,Daily
27-03-2018,55.23029471,M003,Van Model V10,Daily
28-03-2018,52.4088777,M003,Van Model V10,Daily
29-03-2018,55.9696963,M003,Van Model V10,Daily
30-03-2018,54.49025413,M003,Van Model V10,Daily
31-03-2018,54.99442741,M003,Van Model V10,Daily
01-04-2018,54.19009964,M003,Van Model V10,Daily
02-04-2018,54.78205909,M003,Van Model V10,Daily
03-04-2018,55.39533983,M003,Van Model V10,Daily
04-04-2018,52.78137143,M003,Van Model V10,Daily
05-04-2018,56.53941929,M003,Van Model V10,Daily
06-04-2018,55.24090918,M003,Van Model V10,Daily
07-04-2018,55.90408173,M003,Van Model V10,Daily
08-04-2018,55.23179964,M003,Van Model V10,Daily
09-04-2018,55.92459938,M003,Van Model V10,Daily
10-04-2018,56.60416328,M003,Van Model V10,Daily
11-04-2018,54.01957352,M003,Van Model V10,Daily
12-04-2018,57.7688268,M003,Van Model V10,Daily
13-04-2018,56.42320112,M003,Van Model V10,Daily
14-04-2018,57.00191932,M003,Van Model V10,Daily
15-04-2018,56.20993183,M003,Van Model V10,Daily
16-04-2018,56.7509111,M003,Van Model V10,Daily
17-04-2018,57.25063549,M003,Van Model V10,Daily
18-04-2018,54.4631266,M003,Van Model V10,Daily
19-04-2018,57.99202226,M003,Van Model V10,Daily
20-04-2018,56.41478103,M003,Van Model V10,Daily
21-04-2018,56.75716712,M003,Van Model V10,Daily
22-04-2018,55.73084398,M003,Van Model V10,Daily
23-04-2018,56.04617411,M003,Van Model V10,Daily
24-04-2018,56.3354088,M003,Van Model V10,Daily
25-04-2018,53.35863725,M003,Van Model V10,Daily
26-04-2018,56.72498292,M003,Van Model V10,Daily
27-04-2018,55.01664793,M003,Van Model V10,Daily
28-04-2018,55.26325914,M003,Van Model V10,Daily
29-04-2018,54.17934807,M003,Van Model V10,Daily
30-04-2018,54.47706559,M003,Van Model V10,Daily
01-05-2018,54.78931742,M003,Van Model V10,Daily
02-05-2018,51.8756914,M003,Van Model V10,Daily
03-05-2018,55.34366518,M003,Van Model V10,Daily
04-05-2018,53.77269443,M003,Van Model V10,Daily
05-05-2018,54.1886343,M003,Van Model V10,Daily
06-05-2018,53.30132377,M003,Van Model V10,Daily
07-05-2018,53.817431,M003,Van Model V10,Daily
08-05-2018,54.36374182,M003,Van Model V10,Daily
09-05-2018,51.69325803,M003,Van Model V10,Daily
10-05-2018,55.40658913,M003,Van Model V10,Daily
11-05-2018,54.07623248,M003,Van Model V10,Daily
12-05-2018,54.72118905,M003,Van Model V10,Daily
13-05-2018,54.0447389,M003,Van Model V10,Daily
14-05-2018,54.74746923,M003,Van Model V10,Daily
15-05-2018,55.45073179,M003,Van Model V10,Daily
16-05-2018,52.90289193,M003,Van Model V10,Daily
17-05-2018,56.70084838,M003,Van Model V10,Daily
18-05-2018,55.4144156,M003,Van Model V10,Daily
19-05-2018,56.06101283,M003,Van Model V10,Daily
20-05-2018,55.34348235,M003,Van Model V10,Daily
21-05-2018,55.96312845,M003,Van Model V10,Daily
22-05-2018,56.5431541,M003,Van Model V10,Daily
23-05-2018,53.83485814,M003,Van Model V10,Daily
24-05-2018,57.43907386,M003,Van Model V10,Daily
25-05-2018,55.93044323,M003,Van Model V10,Daily
26-05-2018,56.33197421,M003,Van Model V10,Daily
27-05-2018,55.35270735,M003,Van Model V10,Daily
28-05-2018,55.70058778,M003,Van Model V10,Daily
29-05-2018,56.0057242,M003,Van Model V10,Daily
30-05-2018,53.02640278,M003,Van Model V10,Daily
31-05-2018,56.37034206,M003,Van Model V10,Daily
01-06-2018,54.61878808,M003,Van Model V10,Daily
02-06-2018,54.8009022,M003,Van Model V10,Daily
03-06-2018,53.63127237,M003,Van Model V10,Daily
04-06-2018,53.82264807,M003,Van Model V10,Daily
05-06-2018,54.00908411,M003,Van Model V10,Daily
06-06-2018,50.95186406,M003,Van Model V10,Daily
07-06-2018,54.26069156,M003,Van Model V10,Daily
08-06-2018,52.5177501,M003,Van Model V10,Daily
09-06-2018,52.75208418,M003,Van Model V10,Daily
10-06-2018,51.67713245,M003,Van Model V10,Daily
11-06-2018,52.00351166,M003,Van Model V10,Daily
12-06-2018,52.36223493,M003,Van Model V10,Daily
13-06-2018,49.5107325,M003,Van Model V10,Daily
14-06-2018,53.05415977,M003,Van Model V10,Daily
15-06-2018,51.56958977,M003,Van Model V10,Daily
16-06-2018,52.08053867,M003,Van Model V10,Daily
17-06-2018,51.29465052,M003,Van Model V10,Daily
18-06-2018,51.91663563,M003,Van Model V10,Daily
19-06-2018,52.57164157,M003,Van Model V10,Daily
20-06-2018,50.01142032,M003,Van Model V10,Daily
21-06-2018,53.83577275,M003,Van Model V10,Daily
22-06-2018,52.61686333,M003,Van Model V10,Daily
23-06-2018,53.37385081,M003,Van Model V10,Daily
24-06-2018,52.81065829,M003,Van Model V10,Daily
25-06-2018,53.6289752,M003,Van Model V10,Daily
26-06-2018,54.45166868,M003,Van Model V10,Daily
27-06-2018,52.02896781,M003,Van Model V10,Daily
28-06-2018,55.95990158,M003,Van Model V10,Daily
29-06-2018,54.81658481,M003,Van Model V10,Daily
30-06-2018,55.61879932,M003,Van Model V10,Daily
01-07-2018,55.07169592,M003,Van Model V10,Daily
02-07-2018,55.87871261,M003,Van Model V10,Daily
03-07-2018,56.6648899,M003,Van Model V10,Daily
04-07-2018,54.18294997,M003,Van Model V10,Daily
05-07-2018,58.03462465,M003,Van Model V10,Daily
06-07-2018,56.79483025,M003,Van Model V10,Daily
07-07-2018,57.4861404,M003,Van Model V10,Daily
08-07-2018,56.81638621,M003,Van Model V10,Daily
09-07-2018,57.49148258,M003,Van Model V10,Daily
10-07-2018,58.13866465,M003,Van Model V10,Daily
11-07-2018,55.51250365,M003,Van Model V10,Daily
12-07-2018,59.21618915,M003,Van Model V10,Daily
13-07-2018,57.82567717,M003,Van Model V10,Daily
14-07-2018,58.36415587,M003,Van Model V10,Daily
15-07-2018,57.53965835,M003,Van Model V10,Daily
16-07-2018,58.0579206,M003,Van Model V10,Daily
17-07-2018,58.54566724,M003,Van Model V10,Daily
18-07-2018,55.75669239,M003,Van Model V10,Daily
19-07-2018,59.2932202,M003,Van Model V10,Daily
20-07-2018,57.73014139,M003,Van Model V10,Daily
21-07-2018,58.08957434,M003,Van Model V10,Daily
22-07-2018,57.07857643,M003,Van Model V10,Daily
23-07-2018,57.40210005,M003,Van Model V10,Daily
24-07-2018,57.6863721,M003,Van Model V10,Daily
25-07-2018,54.68506057,M003,Van Model V10,Daily
26-07-2018,58.00070933,M003,Van Model V10,Daily
27-07-2018,56.20903444,M003,Van Model V10,Daily
28-07-2018,56.33352758,M003,Van Model V10,Daily
29-07-2018,55.08319058,M003,Van Model V10,Daily
30-07-2018,55.16549356,M003,Van Model V10,Daily
31-07-2018,55.20973498,M003,Van Model V10,Daily
01-08-2018,51.97316682,M003,Van Model V10,Daily
02-08-2018,55.06236686,M003,Van Model V10,Daily
03-08-2018,53.05745236,M003,Van Model V10,Daily
04-08-2018,52.98658312,M003,Van Model V10,Daily
05-08-2018,51.5635801,M003,Van Model V10,Daily
06-08-2018,51.50075567,M003,Van Model V10,Daily
07-08-2018,51.4321371,M003,Van Model V10,Daily
08-08-2018,48.1194508,M003,Van Model V10,Daily
09-08-2018,51.17335316,M003,Van Model V10,Daily
10-08-2018,49.17750705,M003,Van Model V10,Daily
11-08-2018,49.16295587,M003,Van Model V10,Daily
12-08-2018,47.84562583,M003,Van Model V10,Daily
13-08-2018,47.93905618,M003,Van Model V10,Daily
14-08-2018,48.07754263,M003,Van Model V10,Daily
15-08-2018,45.02206431,M003,Van Model V10,Daily
16-08-2018,48.38148264,M003,Van Model V10,Daily
17-08-2018,46.73661256,M003,Van Model V10,Daily
18-08-2018,47.11461921,M003,Van Model V10,Daily
19-08-2018,46.2265706,M003,Van Model V10,Daily
20-08-2018,46.78024554,M003,Van Model V10,Daily
21-08-2018,47.40338027,M003,Van Model V10,Daily
22-08-2018,44.84972223,M003,Van Model V10,Daily
23-08-2018,48.72037613,M003,Van Model V10,Daily
24-08-2018,47.58803932,M003,Van Model V10,Daily
25-08-2018,48.47157539,M003,Van Model V10,Daily
26-08-2018,48.07375205,M003,Van Model V10,Daily
27-08-2018,49.09423751,M003,Van Model V10,Daily
28-08-2018,50.15303428,M003,Van Model V10,Daily
29-08-2018,47.9967133,M003,Van Model V10,Daily
30-08-2018,52.21992899,M003,Van Model V10,Daily
31-08-2018,51.38980761,M003,Van Model V10,Daily
01-09-2018,52.52065349,M003,Van Model V10,Daily
02-09-2018,52.31179554,M003,Van Model V10,Daily
03-09-2018,53.46066542,M003,Van Model V10,Daily
04-09-2018,54.58628355,M003,Van Model V10,Daily
05-09-2018,52.43551464,M003,Van Model V10,Daily
06-09-2018,56.60457258,M003,Van Model V10,Daily
07-09-2018,55.66336698,M003,Van Model V10,Daily
08-09-2018,56.63013731,M003,Van Model V10,Daily
09-09-2018,56.20919863,M003,Van Model V10,Daily
10-09-2018,57.10389301,M003,Van Model V10,Daily
11-09-2018,57.93992611,M003,Van Model V10,Daily
12-09-2018,55.47145475,M003,Van Model V10,Daily
13-09-2018,59.30240954,M003,Van Model V10,Daily
14-09-2018,58.01064995,M003,Van Model V10,Daily
15-09-2018,58.62240271,M003,Van Model V10,Daily
16-09-2018,57.84981283,M003,Van Model V10,Daily
17-09-2018,58.40370654,M003,Van Model V10,Daily
18-09-2018,58.91675056,M003,Van Model V10,Daily
19-09-2018,56.14937813,M003,Van Model V10,Daily
20-09-2018,59.71097024,M003,Van Model V10,Daily
21-09-2018,58.18389285,M003,Van Model V10,Daily
22-09-2018,58.59784405,M003,Van Model V10,Daily
23-09-2018,57.66734269,M003,Van Model V10,Daily
24-09-2018,58.10445899,M003,Van Model V10,Daily
25-09-2018,58.54197217,M003,Van Model V10,Daily
26-09-2018,55.73932517,M003,Van Model V10,Daily
27-09-2018,59.30386366,M003,Van Model V10,Daily
28-09-2018,57.8149582,M003,Van Model V10,Daily
29-09-2018,58.29846069,M003,Van Model V10,Daily
30-09-2018,57.46432325,M003,Van Model V10,Daily
08-10-2017,388.2907563,M003,Van Model V10,Weekly
15-10-2017,395.3395852,M003,Van Model V10,Weekly
22-10-2017,395.5924791,M003,Van Model V10,Weekly
29-10-2017,390.9085043,M003,Van Model V10,Weekly
05-11-2017,384.3255557,M003,Van Model V10,Weekly
12-11-2017,374.7800956,M003,Van Model V10,Weekly
19-11-2017,360.7997493,M003,Van Model V10,Weekly
26-11-2017,348.1161264,M003,Van Model V10,Weekly
03-12-2017,348.1260443,M003,Van Model V10,Weekly
10-12-2017,364.975902,M003,Van Model V10,Weekly
17-12-2017,385.9742055,M003,Van Model V10,Weekly
24-12-2017,389.980671,M003,Van Model V10,Weekly
31-12-2017,368.3538863,M003,Van Model V10,Weekly
07-01-2018,336.1925158,M003,Van Model V10,Weekly
14-01-2018,319.787382,M003,Van Model V10,Weekly
21-01-2018,331.9129956,M003,Van Model V10,Weekly
28-01-2018,360.4314914,M003,Van Model V10,Weekly
04-02-2018,381.2769805,M003,Van Model V10,Weekly
11-02-2018,380.7760418,M003,Van Model V10,Weekly
18-02-2018,364.2003394,M003,Van Model V10,Weekly
25-02-2018,345.1183754,M003,Van Model V10,Weekly
04-03-2018,331.1578161,M003,Van Model V10,Weekly
11-03-2018,321.9856578,M003,Van Model V10,Weekly
18-03-2018,317.3587072,M003,Van Model V10,Weekly
25-03-2018,321.0643137,M003,Van Model V10,Weekly
01-04-2018,334.6967992,M003,Van Model V10,Weekly
08-04-2018,350.9628322,M003,Van Model V10,Weekly
15-04-2018,357.9600782,M003,Van Model V10,Weekly
22-04-2018,351.2839305,M003,Van Model V10,Weekly
29-04-2018,339.3503429,M003,Van Model V10,Weekly
06-05-2018,334.5165907,M003,Van Model V10,Weekly
13-05-2018,339.7817448,M003,Van Model V10,Weekly
20-05-2018,346.3716085,M003,Van Model V10,Weekly
27-05-2018,344.4329753,M003,Van Model V10,Weekly
03-06-2018,333.8070248,M003,Van Model V10,Weekly
10-06-2018,323.0096655,M003,Van Model V10,Weekly
17-06-2018,319.54137,M003,Van Model V10,Weekly
24-06-2018,323.9984648,M003,Van Model V10,Weekly
01-07-2018,333.2783383,M003,Van Model V10,Weekly
08-07-2018,345.5128529,M003,Van Model V10,Weekly
15-07-2018,358.5805594,M003,Van Model V10,Weekly
22-07-2018,365.4507812,M003,Van Model V10,Weekly
29-07-2018,356.3966998,M003,Van Model V10,Weekly
05-08-2018,329.5157944,M003,Van Model V10,Weekly
12-08-2018,297.7057844,M003,Van Model V10,Weekly
19-08-2018,280.9973688,M003,Van Model V10,Weekly
26-08-2018,289.4557645,M003,Van Model V10,Weekly
02-09-2018,314.3228295,M003,Van Model V10,Weekly
09-09-2018,337.2933126,M003,Van Model V10,Weekly
16-09-2018,347.8978227,M003,Van Model V10,Weekly
23-09-2018,350.4365908,M003,Van Model V10,Weekly
30-09-2018,354.792072,M003,Van Model V10,Weekly
30-09-2017,1529.642279,M003,Van Model V10,Monthly
31-10-2017,1682.919892,M003,Van Model V10,Monthly
30-11-2017,1587.522946,M003,Van Model V10,Monthly
31-12-2017,1807.910949,M003,Van Model V10,Monthly
31-01-2018,1435.062003,M003,Van Model V10,Monthly
28-02-2018,1684.106384,M003,Van Model V10,Monthly
31-03-2018,1465.056921,M003,Van Model V10,Monthly
30-04-2018,1338.714072,M003,Van Model V10,Monthly
31-05-2018,1590.138232,M003,Van Model V10,Monthly
30-06-2018,1684.856957,M003,Van Model V10,Monthly
31-07-2018,1368.434089,M003,Van Model V10,Monthly
31-08-2018,1762.465095,M003,Van Model V10,Monthly
